-- جدول مسافران
CREATE TABLE Passengers (
    PassengerID INT PRIMARY KEY,
    FirstName VARCHAR(50),
    LastName VARCHAR(50),
    Email VARCHAR(100),
    Phone VARCHAR(20)
);

-- جدول پروازها
CREATE TABLE Flights (
    FlightID INT PRIMARY KEY,
    FlightNumber VARCHAR(10),
    DepartureAirport VARCHAR(50),
    ArrivalAirport VARCHAR(50),
    DepartureTime DATETIME,
    ArrivalTime DATETIME
);

-- جدول رزروها
CREATE TABLE Reservations (
    ReservationID INT PRIMARY KEY,
    PassengerID INT,
    FlightID INT,
    SeatNumber VARCHAR(10),
    ReservationTime DATETIME,
    FOREIGN KEY (PassengerID) REFERENCES Passengers(PassengerID),
    FOREIGN KEY (FlightID) REFERENCES Flights(FlightID)
);

-- جدول شرکت‌های هواپیمایی
CREATE TABLE Airlines (
    AirlineID INT PRIMARY KEY,
    AirlineName VARCHAR(100),
    ContactNumber VARCHAR(20),
    OperatingRegion VARCHAR(100)
);

-- جدول پرداخت‌ها
CREATE TABLE Payments (
    PaymentID INT PRIMARY KEY,
    ReservationID INT UNIQUE,
    PaymentMethod VARCHAR(50),
    Amount DECIMAL(10, 2),
    TransactionDateTime DATETIME,
    FOREIGN KEY (ReservationID) REFERENCES Reservations(ReservationID)
);

INSERT INTO Passengers (PassengerID, FirstName, LastName, Email, Phone) VALUES
(1, 'Ali', 'Rezaei', 'ali.rezaei@example.com', '09120000001'),
(2, 'Sara', 'Ahmadi', 'sara.ahmadi@example.com', '09120000002'),
(3, 'Reza', 'Karimi', 'reza.karimi@example.com', '09120000003'),
(4, 'Neda', 'Hosseini', 'neda.hosseini@example.com', '09120000004'),
(5, 'Mohammad', 'Jafari', 'mohammad.jafari@example.com', '09120000005'),
(6, 'Fatemeh', 'Ebrahimi', 'fatemeh.ebrahimi@example.com', '09120000006'),
(7, 'Hossein', 'Rahimi', 'hossein.rahimi@example.com', '09120000007'),
(8, 'Zahra', 'Mohammadi', 'zahra.mohammadi@example.com', '09120000008'),
(9, 'Mehdi', 'Sadeghi', 'mehdi.sadeghi@example.com', '09120000009'),
(10, 'Leila', 'Ghasemi', 'leila.ghasemi@example.com', '09120000010'),
(11, 'Ahmad', 'Nasiri', 'ahmad.nasiri@example.com', '09120000011'),
(12, 'Maryam', 'Shirazi', 'maryam.shirazi@example.com', '09120000012'),
(13, 'Saeed', 'Abbasi', 'saeed.abbasi@example.com', '09120000013'),
(14, 'Parisa', 'Farhadi', 'parisa.farhadi@example.com', '09120000014'),
(15, 'Hassan', 'Nouri', 'hassan.nouri@example.com', '09120000015'),
(16, 'Elham', 'Khalili', 'elham.khalili@example.com', '09120000016'),
(17, 'Kian', 'Zarei', 'kian.zarei@example.com', '09120000017'),
(18, 'Shirin', 'Bahrami', 'shirin.bahrami@example.com', '09120000018'),
(19, 'Omid', 'Soleimani', 'omid.soleimani@example.com', '09120000019'),
(20, 'Niloofar', 'Rostami', 'niloofar.rostami@example.com', '09120000020'),
(21, 'Babak', 'Azizi', 'babak.azizi@example.com', '09120000021'),
(22, 'Roya', 'Tavakoli', 'roya.tavakoli@example.com', '09120000022'),
(23, 'Ehsan', 'Khosravi', 'ehsan.khosravi@example.com', '09120000023'),
(24, 'Samira', 'Afshari', 'samira.afshari@example.com', '09120000024'),
(25, 'Majid', 'Yousefi', 'majid.yousefi@example.com', '09120000025'),
(26, 'Nasim', 'Sharifi', 'nasim.sharifi@example.com', '09120000026'),
(27, 'Arash', 'Moradi', 'arash.moradi@example.com', '09120000027'),
(28, 'Mina', 'Esfahani', 'mina.esfahani@example.com', '09120000028'),
(29, 'Peyman', 'Gholami', 'peyman.gholami@example.com', '09120000029'),
(30, 'Shiva', 'Kazemi', 'shiva.kazemi@example.com', '09120000030'),
(31, 'Reyhaneh', 'Najafi', 'reyhaneh.najafi@example.com', '09120000031'),
(32, 'Ali', 'Taheri', 'ali.taheri@example.com', '09120000032'),
(33, 'Sahar', 'Mousavi', 'sahar.mousavi@example.com', '09120000033'),
(34, 'Amir', 'Ghaffari', 'amir.ghaffari@example.com', '09120000034'),
(35, 'Ladan', 'Ramezani', 'ladan.ramezani@example.com', '09120000035'),
(36, 'Farhad', 'Eslami', 'farhad.eslami@example.com', '09120000036'),
(37, 'Yasmin', 'Kiani', 'yasmin.kiani@example.com', '09120000037'),
(38, 'Navid', 'Hajian', 'navid.hajian@example.com', '09120000038'),
(39, 'Mahsa', 'Vahidi', 'mahsa.vahidi@example.com', '09120000039'),
(40, 'Behzad', 'Rahmani', 'behzad.rahmani@example.com', '09120000040'),
(41, 'Niloufar', 'Sotoudeh', 'niloufar.sotoudeh@example.com', '09120000041'),
(42, 'Kaveh', 'Shahbazi', 'kaveh.shahbazi@example.com', '09120000042'),
(43, 'Azadeh', 'Ghaemi', 'azadeh.ghaemi@example.com', '09120000043'),
(44, 'Hamid', 'Zand', 'hamid.zand@example.com', '09120000044'),
(45, 'Marjan', 'Etemadi', 'marjan.etemadi@example.com', '09120000045'),
(46, 'Sina', 'Jalali', 'sina.jalali@example.com', '09120000046'),
(47, 'Hoda', 'Kermani', 'hoda.kermani@example.com', '09120000047'),
(48, 'Nader', 'Abbaspour', 'nader.abbaspour@example.com', '09120000048'),
(49, 'Taraneh', 'Shahriari', 'taraneh.shahriari@example.com', '09120000049'),
(50, 'Nima', 'Karimi', 'nima.karimi@example.com', '09120000050');

INSERT INTO Flights (FlightID, FlightNumber, DepartureAirport, ArrivalAirport, DepartureTime, ArrivalTime) VALUES
(1, 'IR125', 'Tehran', 'Shiraz', '2025-06-01 08:00:00', '2025-06-01 10:30:00'),
(2, 'IR237', 'Mashhad', 'Tabriz', '2025-06-02 09:15:00', '2025-06-02 11:45:00'),
(3, 'IR349', 'Isfahan', 'Kish', '2025-06-03 10:30:00', '2025-06-03 12:50:00'),
(4, 'IR451', 'Ahvaz', 'Tehran', '2025-06-04 11:00:00', '2025-06-04 13:10:00'),
(5, 'IR563', 'Tabriz', 'Mashhad', '2025-06-05 12:30:00', '2025-06-05 14:45:00'),
(6, 'IR675', 'Shiraz', 'Isfahan', '2025-06-06 13:15:00', '2025-06-06 15:25:00'),
(7, 'IR787', 'Kish', 'Ahvaz', '2025-06-07 14:00:00', '2025-06-07 16:10:00'),
(8, 'IR899', 'Tehran', 'Bandar Abbas', '2025-06-08 15:45:00', '2025-06-08 18:00:00'),
(9, 'IR101', 'Mashhad', 'Qeshm', '2025-06-09 16:30:00', '2025-06-09 18:50:00'),
(10, 'IR213', 'Tabriz', 'Isfahan', '2025-06-10 17:00:00', '2025-06-10 19:15:00'),
(11, 'IR325', 'Tehran', 'Shiraz', '2025-06-11 07:30:00', '2025-06-11 09:50:00'),
(12, 'IR437', 'Mashhad', 'Tabriz', '2025-06-12 08:15:00', '2025-06-12 10:35:00'),
(13, 'IR549', 'Isfahan', 'Kish', '2025-06-13 09:00:00', '2025-06-13 11:20:00'),
(14, 'IR661', 'Ahvaz', 'Tehran', '2025-06-14 10:45:00', '2025-06-14 13:05:00'),
(15, 'IR773', 'Tabriz', 'Mashhad', '2025-06-15 11:30:00', '2025-06-15 13:50:00'),
(16, 'IR885', 'Shiraz', 'Isfahan', '2025-06-16 12:15:00', '2025-06-16 14:35:00'),
(17, 'IR997', 'Kish', 'Ahvaz', '2025-06-17 13:00:00', '2025-06-17 15:20:00'),
(18, 'IR109', 'Tehran', 'Bandar Abbas', '2025-06-18 14:45:00', '2025-06-18 17:05:00'),
(19, 'IR221', 'Mashhad', 'Qeshm', '2025-06-19 15:30:00', '2025-06-19 17:50:00'),
(20, 'IR333', 'Tabriz', 'Isfahan', '2025-06-20 16:15:00', '2025-06-20 18:35:00'),
(21, 'IR445', 'Tehran', 'Shiraz', '2025-06-21 07:00:00', '2025-06-21 09:25:00'),
(22, 'IR557', 'Mashhad', 'Tabriz', '2025-06-22 08:40:00', '2025-06-22 11:00:00'),
(23, 'IR669', 'Isfahan', 'Kish', '2025-06-23 09:30:00', '2025-06-23 11:50:00'),
(24, 'IR781', 'Ahvaz', 'Tehran', '2025-06-24 10:15:00', '2025-06-24 12:35:00'),
(25, 'IR893', 'Tabriz', 'Mashhad', '2025-06-25 11:00:00', '2025-06-25 13:20:00'),
(26, 'IR105', 'Shiraz', 'Isfahan', '2025-06-26 12:45:00', '2025-06-26 15:05:00'),
(27, 'IR217', 'Kish', 'Ahvaz', '2025-06-27 13:30:00', '2025-06-27 15:50:00'),
(28, 'IR329', 'Tehran', 'Bandar Abbas', '2025-06-28 14:15:00', '2025-06-28 16:35:00'),
(29, 'IR441', 'Mashhad', 'Qeshm', '2025-06-29 15:00:00', '2025-06-29 17:20:00'),
(30, 'IR553', 'Tabriz', 'Isfahan', '2025-06-30 16:45:00', '2025-06-30 19:05:00'),
(31, 'IR665', 'Tehran', 'Shiraz', '2025-07-01 07:15:00', '2025-07-01 09:40:00'),
(32, 'IR777', 'Mashhad', 'Tabriz', '2025-07-02 08:00:00', '2025-07-02 10:20:00'),
(33, 'IR889', 'Isfahan', 'Kish', '2025-07-03 09:30:00', '2025-07-03 11:50:00'),
(34, 'IR991', 'Ahvaz', 'Tehran', '2025-07-04 10:10:00', '2025-07-04 12:30:00'),
(35, 'IR103', 'Tabriz', 'Mashhad', '2025-07-05 11:00:00', '2025-07-05 13:20:00'),
(36, 'IR215', 'Shiraz', 'Isfahan', '2025-07-06 12:45:00', '2025-07-06 15:05:00'),
(37, 'IR327', 'Kish', 'Ahvaz', '2025-07-07 13:15:00', '2025-07-07 15:35:00'),
(38, 'IR439', 'Tehran', 'Bandar Abbas', '2025-07-08 14:00:00', '2025-07-08 16:20:00'),
(39, 'IR551', 'Mashhad', 'Qeshm', '2025-07-09 15:30:00', '2025-07-09 17:50:00'),
(40, 'IR663', 'Tabriz', 'Isfahan', '2025-07-10 16:10:00', '2025-07-10 18:30:00'),
(41, 'IR775', 'Tehran', 'Shiraz', '2025-07-11 07:45:00', '2025-07-11 10:05:00'),
(42, 'IR887', 'Mashhad', 'Tabriz', '2025-07-12 08:20:00', '2025-07-12 10:40:00'),
(43, 'IR999', 'Isfahan', 'Kish', '2025-07-13 09:50:00', '2025-07-13 12:10:00'),
(44, 'IR111', 'Ahvaz', 'Tehran', '2025-07-14 10:30:00', '2025-07-14 12:50:00'),
(45, 'IR223', 'Tabriz', 'Mashhad', '2025-07-15 11:10:00', '2025-07-15 13:30:00'),
(46, 'IR335', 'Shiraz', 'Isfahan', '2025-07-16 12:00:00', '2025-07-16 14:20:00'),
(47, 'IR447', 'Kish', 'Ahvaz', '2025-07-17 13:40:00', '2025-07-17 16:00:00'),
(48, 'IR559', 'Tehran', 'Bandar Abbas', '2025-07-18 14:25:00', '2025-07-18 16:45:00'),
(49, 'IR671', 'Mashhad', 'Qeshm', '2025-07-19 15:10:00', '2025-07-19 17:30:00'),
(50, 'IR783', 'Tabriz', 'Isfahan', '2025-07-20 16:00:00', '2025-07-20 18:20:00');

INSERT INTO Reservations (ReservationID, PassengerID, FlightID, SeatNumber, ReservationTime) VALUES
(1, 1, 1, '12A', '2025-05-01 09:00:00'),
(2, 2, 3, '14C', '2025-05-02 10:15:00'),
(3, 3, 5, '09B', '2025-05-02 11:30:00'),
(4, 4, 2, '22D', '2025-05-03 14:00:00'),
(5, 5, 4, '15F', '2025-05-04 08:45:00'),
(6, 6, 6, '07A', '2025-05-04 10:20:00'),
(7, 7, 7, '18C', '2025-05-05 12:00:00'),
(8, 8, 8, '21B', '2025-05-06 13:30:00'),
(9, 9, 9, '11D', '2025-05-07 09:50:00'),
(10, 10, 10, '16F', '2025-05-08 15:10:00'),
(11, 11, 11, '10A', '2025-05-09 08:00:00'),
(12, 12, 12, '19C', '2025-05-09 11:40:00'),
(13, 13, 13, '20D', '2025-05-10 13:25:00'),
(14, 14, 14, '08B', '2025-05-11 09:15:00'),
(15, 15, 15, '23F', '2025-05-11 14:45:00'),
(16, 16, 16, '05A', '2025-05-12 10:00:00'),
(17, 17, 17, '12C', '2025-05-13 12:10:00'),
(18, 18, 18, '14D', '2025-05-13 16:00:00'),
(19, 19, 19, '09F', '2025-05-14 07:30:00'),
(20, 20, 20, '07B', '2025-05-15 13:55:00'),
(21, 21, 21, '18A', '2025-05-15 15:40:00'),
(22, 22, 22, '22C', '2025-05-16 11:20:00'),
(23, 23, 23, '15D', '2025-05-17 10:30:00'),
(24, 24, 24, '21F', '2025-05-18 09:00:00'),
(25, 25, 25, '10B', '2025-05-19 14:50:00'),
(26, 26, 26, '17C', '2025-05-20 08:25:00'),
(27, 27, 27, '08D', '2025-05-21 13:10:00'),
(28, 28, 28, '19F', '2025-05-21 15:45:00'),
(29, 29, 29, '06A', '2025-05-22 12:00:00'),
(30, 30, 30, '20B', '2025-05-23 14:15:00'),
(31, 31, 31, '13C', '2025-05-24 09:40:00'),
(32, 32, 32, '11D', '2025-05-25 11:50:00'),
(33, 33, 33, '16F', '2025-05-26 10:05:00'),
(34, 34, 34, '05B', '2025-05-27 13:30:00'),
(35, 35, 35, '18C', '2025-05-28 14:55:00'),
(36, 36, 36, '21D', '2025-05-29 09:10:00'),
(37, 37, 37, '09A', '2025-05-30 12:20:00'),
(38, 38, 38, '14B', '2025-05-31 15:00:00'),
(39, 39, 39, '22C', '2025-06-01 13:45:00'),
(40, 40, 40, '17D', '2025-06-02 10:35:00'),
(41, 41, 41, '20F', '2025-06-03 08:50:00'),
(42, 42, 42, '12B', '2025-06-04 11:15:00'),
(43, 43, 43, '19C', '2025-06-05 14:05:00'),
(44, 44, 44, '07D', '2025-06-06 09:20:00'),
(45, 45, 45, '16A', '2025-06-07 13:00:00'),
(46, 46, 46, '11F', '2025-06-08 15:25:00'),
(47, 47, 47, '08B', '2025-06-09 10:40:00'),
(48, 48, 48, '21C', '2025-06-10 12:55:00'),
(49, 49, 49, '13D', '2025-06-11 14:30:00'),
(50, 50, 50, '05F', '2025-06-12 09:05:00');

INSERT INTO Airlines (AirlineID, AirlineName, ContactNumber, OperatingRegion) VALUES
(1, 'Iran Air', '+9821-12345678', 'Domestic and International'),
(2, 'Mahan Air', '+9821-87654321', 'Domestic and International'),
(3, 'Aseman Airlines', '+9821-23456789', 'Domestic'),
(4, 'Qeshm Air', '+9821-98765432', 'Domestic and Regional'),
(5, 'Caspian Airlines', '+9821-34567890', 'Domestic and Regional'),
(6, 'ATA Airlines', '+9821-45678901', 'Domestic'),
(7, 'Taban Air', '+9821-56789012', 'Domestic'),
(8, 'Kish Air', '+9821-67890123', 'Domestic and Regional'),
(9, 'Persian Gulf Airlines', '+9821-78901234', 'Domestic'),
(10, 'Varesh Airlines', '+9821-89012345', 'Domestic'),
(11, 'Karun Airlines', '+9821-90123456', 'Domestic'),
(12, 'Iran Aseman Airlines', '+9821-01234567', 'Domestic'),
(13, 'Caspean Air', '+9821-12345670', 'Domestic'),
(14, 'Sepehran Airlines', '+9821-23456780', 'Domestic'),
(15, 'Aria Air', '+9821-34567890', 'Domestic'),
(16, 'Taban Air', '+9821-45678910', 'Domestic'),
(17, 'Zagros Airlines', '+9821-56789020', 'Domestic'),
(18, 'Neshat Airlines', '+9821-67890130', 'Domestic'),
(19, 'Saha Airlines', '+9821-78901240', 'Domestic'),
(20, 'Caspi Airlines', '+9821-89012350', 'Domestic'),
(21, 'Iran Air Tours', '+9821-90123460', 'Domestic'),
(22, 'Air Sahand', '+9821-01234570', 'Domestic'),
(23, 'Tadbir Air', '+9821-12345680', 'Domestic'),
(24, 'Pars Air', '+9821-23456790', 'Domestic'),
(25, 'Pouya Air', '+9821-34567800', 'Domestic'),
(26, 'Sepehr Airlines', '+9821-45678900', 'Domestic'),
(27, 'Shahpar Airlines', '+9821-56789000', 'Domestic'),
(28, 'Zagros Air', '+9821-67890100', 'Domestic'),
(29, 'Havadaran Airlines', '+9821-78901200', 'Domestic'),
(30, 'Iran Aseman', '+9821-89012300', 'Domestic'),
(31, 'Mahan Air', '+9821-90123400', 'Domestic'),
(32, 'Caspian Air', '+9821-01234500', 'Domestic'),
(33, 'Air Kish', '+9821-12345000', 'Domestic'),
(34, 'Pouya Airlines', '+9821-23456000', 'Domestic'),
(35, 'Sepehran Air', '+9821-34567000', 'Domestic'),
(36, 'Pars Air', '+9821-45678000', 'Domestic'),
(37, 'Pouya Air', '+9821-56789000', 'Domestic'),
(38, 'Neshat Air', '+9821-67890000', 'Domestic'),
(39, 'Taban Air', '+9821-78901000', 'Domestic'),
(40, 'Karun Air', '+9821-89012000', 'Domestic'),
(41, 'Air Sahand', '+9821-90123000', 'Domestic'),
(42, 'Iran Air Tours', '+9821-01234000', 'Domestic'),
(43, 'Saha Air', '+9821-12345000', 'Domestic'),
(44, 'Zagros Air', '+9821-23456000', 'Domestic'),
(45, 'Caspian Air', '+9821-34567000', 'Domestic'),
(46, 'Mahan Airlines', '+9821-45678000', 'Domestic'),
(47, 'Iran Air', '+9821-56789000', 'Domestic'),
(48, 'Aseman Air', '+9821-67890000', 'Domestic'),
(49, 'Qeshm Air', '+9821-78901000', 'Domestic'),
(50, 'Varesh Air', '+9821-89012000', 'Domestic');

INSERT INTO Payments (PaymentID, ReservationID, PaymentMethod, Amount, TransactionDateTime) VALUES
(1, 1, 'Credit Card', 250.00, '2025-05-01 10:00:00'),
(2, 2, 'Debit Card', 320.50, '2025-05-02 11:00:00'),
(3, 3, 'Cash', 150.00, '2025-05-02 12:00:00'),
(4, 4, 'Credit Card', 400.75, '2025-05-03 15:00:00'),
(5, 5, 'Online Payment', 275.20, '2025-05-04 09:30:00'),
(6, 6, 'Debit Card', 180.00, '2025-05-04 11:00:00'),
(7, 7, 'Cash', 230.50, '2025-05-05 12:30:00'),
(8, 8, 'Credit Card', 290.00, '2025-05-06 14:00:00'),
(9, 9, 'Online Payment', 310.00, '2025-05-07 10:30:00'),
(10, 10, 'Debit Card', 280.00, '2025-05-08 16:00:00'),
(11, 11, 'Credit Card', 220.00, '2025-05-09 09:00:00'),
(12, 12, 'Cash', 195.00, '2025-05-09 12:00:00'),
(13, 13, 'Online Payment', 345.00, '2025-05-10 14:00:00'),
(14, 14, 'Credit Card', 260.00, '2025-05-11 10:00:00'),
(15, 15, 'Debit Card', 315.00, '2025-05-11 15:00:00'),
(16, 16, 'Cash', 275.00, '2025-05-12 11:00:00'),
(17, 17, 'Online Payment', 300.00, '2025-05-13 13:00:00'),
(18, 18, 'Credit Card', 285.00, '2025-05-13 17:00:00'),
(19, 19, 'Debit Card', 210.00, '2025-05-14 08:00:00'),
(20, 20, 'Cash', 330.00, '2025-05-15 14:00:00'),
(21, 21, 'Credit Card', 290.00, '2025-05-15 16:00:00'),
(22, 22, 'Online Payment', 310.00, '2025-05-16 12:00:00'),
(23, 23, 'Debit Card', 250.00, '2025-05-17 11:00:00'),
(24, 24, 'Cash', 275.00, '2025-05-18 10:00:00'),
(25, 25, 'Credit Card', 300.00, '2025-05-19 15:00:00'),
(26, 26, 'Online Payment', 280.00, '2025-05-20 09:00:00'),
(27, 27, 'Debit Card', 260.00, '2025-05-21 14:00:00'),
(28, 28, 'Cash', 310.00, '2025-05-21 16:00:00'),
(29, 29, 'Credit Card', 290.00, '2025-05-22 13:00:00'),
(30, 30, 'Online Payment', 320.00, '2025-05-23 15:00:00'),
(31, 31, 'Debit Card', 270.00, '2025-05-24 10:00:00'),
(32, 32, 'Cash', 260.00, '2025-05-25 12:00:00'),
(33, 33, 'Credit Card', 310.00, '2025-05-26 11:00:00'),
(34, 34, 'Online Payment', 280.00, '2025-05-27 14:00:00'),
(35, 35, 'Debit Card', 290.00, '2025-05-28 15:00:00'),
(36, 36, 'Cash', 270.00, '2025-05-29 10:00:00'),
(37, 37, 'Credit Card', 320.00, '2025-05-30 13:00:00'),
(38, 38, 'Online Payment', 310.00, '2025-05-31 16:00:00'),
(39, 39, 'Debit Card', 280.00, '2025-06-01 14:00:00'),
(40, 40, 'Cash', 300.00, '2025-06-02 11:00:00'),
(41, 41, 'Credit Card', 290.00, '2025-06-03 09:00:00'),
(42, 42, 'Online Payment', 310.00, '2025-06-04 12:00:00'),
(43, 43, 'Debit Card', 275.00, '2025-06-05 15:00:00'),
(44, 44, 'Cash', 260.00, '2025-06-06 10:00:00'),
(45, 45, 'Credit Card', 295.00, '2025-06-07 14:00:00'),
(46, 46, 'Online Payment', 285.00, '2025-06-08 16:00:00'),
(47, 47, 'Debit Card', 270.00, '2025-06-09 11:00:00'),
(48, 48, 'Cash', 280.00, '2025-06-10 13:00:00'),
(49, 49, 'Credit Card', 300.00, '2025-06-11 15:00:00'),
(50, 50, 'Online Payment', 310.00, '2025-06-12 10:00:00');
